rep_ent_idx,frame,NC,Nchange,Nchange_ref_g,Nchange_frame_g,Cchange,Cchange_ref_g,Cchange_frame_g,crossing,surrounding
3,1,"(20, 40)",,,,0.000,-0.063,-0.950,"[[], [59]]","[[], [20, 21, 22, 23, 24, 32, 36, 37, 40, 57, 58, 59, 60, 61, 77]]"
1,20,"(40, 139)",2.000,0.796,0.018,,,,"[[17], []]","[[15, 16, 17, 18, 19, 54, 55, 56, 57, 132, 133, 134, 135, 136, 137], []]"
9,23,"(40, 166)",4.000,0.830,-0.623,,,,"[[10], []]","[[8, 9, 10, 11, 12, 17, 18, 19, 126, 129, 130, 136, 137, 138, 149, 150, 151, 152, 153, 154, 155], []]"
4,2,"(53, 101)",,,,2.000,0.621,-0.468,"[[], [108]]","[[], [55, 56, 57, 74, 78, 89, 90, 91, 92, 106, 107, 108, 109, 110]]"
5,2,"(54, 103)",,,,0.000,0.320,-0.771,"[[], [119, 108]]","[[], [57, 91, 92, 93, 94, 95, 96, 97, 108, 109, 110, 111, 112, 117, 118, 119, 120, 121, 126, 127, 55, 56, 57, 78, 89, 90, 91, 92, 97, 98, 106, 107, 108, 109, 110, 119, 120]]"
0,15,"(60, 74)",0.000,-0.065,-0.822,,,,"[[30], []]","[[28, 29, 30, 31, 32, 33, 60, 61, 62, 63, 64, 65, 66, 67, 68, 69, 70, 71], []]"
6,2,"(92, 107)",,,,0.000,0.032,-1.027,"[[], [120]]","[[], [91, 92, 93, 94, 95, 96, 97, 98, 99, 107, 108, 109, 110, 118, 119, 120, 121, 122, 123, 126, 127]]"
7,8,"(97, 128)",0.000,0.248,-0.749,,,,"[[58], []]","[[17, 18, 19, 55, 56, 57, 58, 59, 60, 96, 108, 109, 110, 111, 112, 129, 150], []]"
8,24,"(136, 154)",0.000,-0.061,-0.616,,,,"[[7], []]","[[5, 6, 7, 8, 9, 19, 138, 139, 140, 141, 142, 143, 144, 150, 151, 152, 377, 378], []]"
2,0,"(269, 317)",2.000,-0.873,-0.131,,,,"[[258], []]","[[256, 257, 258, 259, 260, 269, 270, 271, 272, 283, 284, 285, 286, 287, 318], []]"
